display_title,mpaa_rating,critics_pick,byline,headline,summary_short,publication_date,opening_date,date_updated,link,multimedia
The Machine,R,0,Glenn Kenny,‘The Machine’ Review: A Hard-Partying Comedian Pays for His Sins,"In a movie extrapolated from one of his stand-up bits, Bert Kreischer is dragged to Russia to face a gory but still comedic reckoning.",2023-05-26,2023-05-26,2023-05-26 22:34:03,"{'type': 'article', 'url': 'https://www.nytimes.com/2023/05/26/movies/the-machine-review-bert-kreischer.html', 'suggested_link_text': 'Read the New York Times Review of The Machine'}","{'type': 'mediumThreeByTwo210', 'src': 'https://static01.nyt.com/images/2023/05/30/multimedia/26machine1-tbvl/26machine1-tbvl-mediumThreeByTwo440.jpg', 'height': 140, 'width': 210}"
You Hurt My Feelings,R,1,Wesley Morris,‘You Hurt My Feelings’ Review: She Can’t Handle the Truth,"The director Nicole Holofcener’s characters are known for their brazen honesty. But it’s dishonesty that drives her new film, starring Julia Louis-Dreyfus.",2023-05-25,,2023-05-25 18:48:03,"{'type': 'article', 'url': 'https://www.nytimes.com/2023/05/25/movies/you-hurt-my-feelings-review.html', 'suggested_link_text': 'Read the New York Times Review of You Hurt My Feelings'}","{'type': 'mediumThreeByTwo210', 'src': 'https://static01.nyt.com/images/2023/05/25/multimedia/25you-hurt1-hjgz/25you-hurt1-hjgz-mediumThreeByTwo440.jpg', 'height': 140, 'width': 210}"
The Wind & the Reckoning,,0,Concepción de León,‘The Wind & the Reckoning’ Review: A Hawaiian Story of Resistance,"A docudrama follows a family fighting to stay together and avoid exile to a leprosy colony, but fails to carry an emotional punch.",2023-05-25,,2023-05-25 18:26:02,"{'type': 'article', 'url': 'https://www.nytimes.com/2023/05/25/movies/the-wind-and-the-reckoning-review.html', 'suggested_link_text': 'Read the New York Times Review of The Wind & the Reckoning'}","{'type': 'mediumThreeByTwo210', 'src': 'https://static01.nyt.com/images/2023/05/25/multimedia/25wind-reckoning-review-hlpz/25wind-reckoning-review-hlpz-mediumThreeByTwo440.jpg', 'height': 140, 'width': 210}"
We Might As Well Be Dead,,0,Teo Bugbee,‘We Might as Well Be Dead’ Review: Housing by Neighborhood Watch,A single mother fights for her place in a dystopian high rise in this unfocused satire.,2023-05-25,,2023-05-25 18:25:03,"{'type': 'article', 'url': 'https://www.nytimes.com/2023/05/25/movies/we-might-as-well-be-dead-review.html', 'suggested_link_text': 'Read the New York Times Review of We Might As Well Be Dead'}","{'type': 'mediumThreeByTwo210', 'src': 'https://static01.nyt.com/images/2023/05/24/multimedia/we-might1-mlkb/we-might1-mlkb-mediumThreeByTwo440.jpg', 'height': 140, 'width': 210}"
Will-o'-the-Wisp,Unrated,0,Amy Nicholson,‘Will-o’-the-Wisp’ Review: A Prince Throws Off His Privilege,"Or, at least, he kinda-sorta tries to rebel in this romantic, futuristic fable from the Portuguese director João Pedro Rodrigues.",2023-05-25,,2023-05-25 18:13:04,"{'type': 'article', 'url': 'https://www.nytimes.com/2023/05/25/movies/will-o-the-wisp-review.html', 'suggested_link_text': ""Read the New York Times Review of Will-o'-the-Wisp""}","{'type': 'mediumThreeByTwo210', 'src': 'https://static01.nyt.com/images/2023/05/26/multimedia/25will-o-the-wisp-review-wbfq/25will-o-the-wisp-review-wbfq-mediumThreeByTwo440.jpg', 'height': 140, 'width': 210}"
Unclenching the Fists,,0,Beatrice Loayza,‘Unclenching the Fists’ Review: The Cost of Freedom,Kira Kovalenko’s moody drama centers on a young woman trapped under her father’s thumb in the North Caucasus region of Russia.,2023-05-25,2023-05-26,2023-05-25 16:09:03,"{'type': 'article', 'url': 'https://www.nytimes.com/2023/05/25/movies/unclenching-the-fists-review.html', 'suggested_link_text': 'Read the New York Times Review of Unclenching the Fists'}","{'type': 'mediumThreeByTwo210', 'src': 'https://static01.nyt.com/images/2023/05/25/multimedia/25unclenching-the-fists-review-pkvl/25unclenching-the-fists-review-pkvl-mediumThreeByTwo440.jpg', 'height': 140, 'width': 210}"
White Balls on Walls,,0,Lisa Kennedy,‘White Balls on Walls’ Review: Time With the Gatekeepers,The Stedelijk Museum in Amsterdam becomes a somewhat flimsy case study for fine-art diversity and inclusion conversations in this documentary.,2023-05-25,,2023-05-25 15:07:03,"{'type': 'article', 'url': 'https://www.nytimes.com/2023/05/25/movies/white-balls-on-walls-review.html', 'suggested_link_text': 'Read the New York Times Review of White Balls on Walls'}","{'type': 'mediumThreeByTwo210', 'src': 'https://static01.nyt.com/images/2023/05/25/multimedia/25white-balls-on-walls-review-wkcf/25white-balls-on-walls-review-wkcf-mediumThreeByTwo440.jpg', 'height': 140, 'width': 210}"
The Wrath of Becky,R,0,Jeannette Catsoulis,‘The Wrath of Becky’ Review: Teenage Riot,The traumatized teen is back to finalize even more fascists in this comically bloody sequel.,2023-05-25,,2023-05-25 11:03:03,"{'type': 'article', 'url': 'https://www.nytimes.com/2023/05/25/movies/the-wrath-of-becky-review-teenage-riot.html', 'suggested_link_text': 'Read the New York Times Review of The Wrath of Becky'}","{'type': 'mediumThreeByTwo210', 'src': 'https://static01.nyt.com/images/2023/05/24/multimedia/wrath1-mgkc/wrath1-mgkc-mediumThreeByTwo440.jpg', 'height': 140, 'width': 210}"
Kandahar,R,0,Elisabeth Vincentelli,‘Kandahar’ Review: Marooned in a Dull Movie,"Gerard Butler plays an undercover C.I.A. agent hunted by various foes in an underwhelming action film devoid of any suspense or, well, action.",2023-05-25,2023-05-26,2023-05-25 11:05:03,"{'type': 'article', 'url': 'https://www.nytimes.com/2023/05/25/movies/kandahar-review.html', 'suggested_link_text': 'Read the New York Times Review of Kandahar'}","{'type': 'mediumThreeByTwo210', 'src': 'https://static01.nyt.com/images/2023/05/25/multimedia/25kandahar-review-qgmz/25kandahar-review-qgmz-mediumThreeByTwo440.jpg', 'height': 140, 'width': 210}"
Being Mary Tyler Moore,,0,Amy Nicholson,‘Being Mary Tyler Moore’ Review: A Tip of the Hat to the Tossed Hat,This charming documentary aims to peek under the smile of a groundbreaking television star.,2023-05-25,2023-05-26,2023-05-25 18:56:47,"{'type': 'article', 'url': 'https://www.nytimes.com/2023/05/25/movies/being-mary-tyler-moore-review.html', 'suggested_link_text': 'Read the New York Times Review of Being Mary Tyler Moore'}","{'type': 'mediumThreeByTwo210', 'src': 'https://static01.nyt.com/images/2023/05/26/multimedia/mary1-wmpq/mary1-wmpq-mediumThreeByTwo440.jpg', 'height': 140, 'width': 210}"
About My Father,PG-13,0,Glenn Kenny,‘About My Father’ Review: De Niro in Dad Mode Again,"The comedian Sebastian Maniscalco enlists his “Irishman” colleague in this labored comedy, where gags fall flat.",2023-05-25,2023-05-26,2023-05-25 11:06:02,"{'type': 'article', 'url': 'https://www.nytimes.com/2023/05/25/movies/about-my-father-review.html', 'suggested_link_text': 'Read the New York Times Review of About My Father'}","{'type': 'mediumThreeByTwo210', 'src': 'https://static01.nyt.com/images/2023/05/26/multimedia/25about-my-father-review-gkjz/25about-my-father-review-gkjz-mediumThreeByTwo440.jpg', 'height': 140, 'width': 210}"
Influencer,,0,Brandon Yu,‘Influencer’ Review: Reading Between the Likes,"This thriller, about a mysterious woman’s obsession with online influencers, treats social media as a breeding ground for fear and obsession",2023-05-25,2023-01-01,2023-05-25 11:02:02,"{'type': 'article', 'url': 'https://www.nytimes.com/2023/05/25/movies/influencer-review.html', 'suggested_link_text': 'Read the New York Times Review of Influencer'}","{'type': 'mediumThreeByTwo210', 'src': 'https://static01.nyt.com/images/2023/05/26/multimedia/25influencer-review-fwvb/25influencer-review-fwvb-mediumThreeByTwo440.jpg', 'height': 140, 'width': 210}"
The Attachment Diaries,,0,Jeannette Catsoulis,"‘The Attachment Diaries’ Review: Love, Sick","A gynecologist and her patient form a horrifyingly twisted connection in this batty, bloody Argentine melodrama.",2023-05-25,,2023-05-25 11:01:04,"{'type': 'article', 'url': 'https://www.nytimes.com/2023/05/25/movies/the-attachment-diaries-review.html', 'suggested_link_text': 'Read the New York Times Review of The Attachment Diaries'}","{'type': 'mediumThreeByTwo210', 'src': 'https://static01.nyt.com/images/2023/05/26/multimedia/attachment1-mbcw/attachment1-mbcw-mediumThreeByTwo440.jpg', 'height': 140, 'width': 210}"
The Little Mermaid,PG,0,Wesley Morris,‘The Little Mermaid’ Review: The Renovations Are Only Skin Deep,"Disney’s live-action remake, with Halle Bailey starring as Ariel and a diverse cast, is a dutiful corrective with noble intentions and little fun.",2023-05-24,2023-05-26,2023-05-24 20:35:03,"{'type': 'article', 'url': 'https://www.nytimes.com/2023/05/24/movies/little-mermaid-review-halle-bailey.html', 'suggested_link_text': 'Read the New York Times Review of The Little Mermaid'}","{'type': 'mediumThreeByTwo210', 'src': 'https://static01.nyt.com/images/2023/05/25/multimedia/25little-mermaid-review-fmlc/25little-mermaid-review-fmlc-mediumThreeByTwo440-v3.jpg', 'height': 140, 'width': 210}"
Victim/Suspect,R,0,Natalia Winkelman,‘Victim/Suspect’ Review: When the Accuser Becomes the Accused,A reporter investigates cases in which sexual assault survivors were arrested on charges of false reporting in this cogent documentary.,2023-05-23,2023-05-23,2023-05-23 22:23:07,"{'type': 'article', 'url': 'https://www.nytimes.com/2023/05/23/movies/victim-suspect-review.html', 'suggested_link_text': 'Read the New York Times Review of Victim/Suspect'}","{'type': 'mediumThreeByTwo210', 'src': 'https://static01.nyt.com/images/2023/05/23/multimedia/23victim-suspect-review-mtpc/23victim-suspect-review-mtpc-mediumThreeByTwo440.jpg', 'height': 140, 'width': 210}"
Master Gardener,R,1,Manohla Dargis,‘Master Gardener’ Review: Paul Schrader’s Solitary Man,"The director’s latest movie completes a trilogy about men in search of grace in a brutal world — usually by way of women, but thankfully they are vivid, too.",2023-05-18,,2023-05-18 17:34:03,"{'type': 'article', 'url': 'https://www.nytimes.com/2023/05/18/movies/master-gardener-review-paul-schrader.html', 'suggested_link_text': 'Read the New York Times Review of Master Gardener'}","{'type': 'mediumThreeByTwo210', 'src': 'https://static01.nyt.com/images/2023/05/18/multimedia/18master-gardener-review-zvcg/18master-gardener-review-zvcg-mediumThreeByTwo440.jpg', 'height': 140, 'width': 210}"
The Night of the 12th,,1,Nicolas Rapold,‘The Night of the 12th’ Review: When a Case Doesn’t Close,This refreshingly grounded French crime procedural portrays what happens when a brutal murder case eludes the diligent efforts of a by-the-book investigator.,2023-05-18,,2023-05-18 14:44:03,"{'type': 'article', 'url': 'https://www.nytimes.com/2023/05/18/movies/the-night-of-the-12th-review.html', 'suggested_link_text': 'Read the New York Times Review of The Night of the 12th'}","{'type': 'mediumThreeByTwo210', 'src': 'https://static01.nyt.com/images/2023/05/19/multimedia/18night-of-the-12th-review-hjqp/18night-of-the-12th-review-hjqp-mediumThreeByTwo440.jpg', 'height': 140, 'width': 210}"
Sanctuary,R,1,Jeannette Catsoulis,‘Sanctuary’ Review: Who’s the Boss?,A wealthy heir and his longtime employee vie for control over their uncommon relationship in this twisty duet.,2023-05-18,2023-05-19,2023-05-18 11:04:03,"{'type': 'article', 'url': 'https://www.nytimes.com/2023/05/18/movies/sanctuary-review.html', 'suggested_link_text': 'Read the New York Times Review of Sanctuary'}","{'type': 'mediumThreeByTwo210', 'src': 'https://static01.nyt.com/images/2023/05/19/multimedia/sanctuary1-tjmp/sanctuary1-tjmp-mediumThreeByTwo440-v3.jpg', 'height': 140, 'width': 210}"
The Cow Who Sang a Song Into the Future,,1,Brandon Yu,‘The Cow Who Sang a Song Into the Future’ Review: Mother Resurrected,This lyrical debut feature from Francisca Alegría is a slow-burning parable about our relationship to each other and to the living world.,2023-05-18,,2023-05-18 11:01:03,"{'type': 'article', 'url': 'https://www.nytimes.com/2023/05/18/movies/the-cow-who-sang-a-song-into-the-future-review.html', 'suggested_link_text': 'Read the New York Times Review of The Cow Who Sang a Song Into the Future'}","{'type': 'mediumThreeByTwo210', 'src': 'https://static01.nyt.com/images/2023/05/19/multimedia/cow1-bjzl/cow1-bjzl-mediumThreeByTwo440.jpg', 'height': 140, 'width': 210}"
Fast X,PG-13,0,Wesley Morris,‘Fast X’ Review: Drivers Wanted. Again.,"Twenty-two years and nine sequels in, the “Fast and Furious” franchise is finding it hard to keep the thrill alive.",2023-05-18,2023-05-19,2023-05-18 19:22:03,"{'type': 'article', 'url': 'https://www.nytimes.com/2023/05/18/movies/fast-x-review.html', 'suggested_link_text': 'Read the New York Times Review of Fast X'}","{'type': 'mediumThreeByTwo210', 'src': 'https://static01.nyt.com/images/2023/05/19/multimedia/18fast-x1-fjct/18fast-x1-fjct-mediumThreeByTwo440.jpg', 'height': 140, 'width': 210}"
The Taking,,0,Concepción de León,‘The Taking’ Review: This Land Is Not Your Land,Monument Valley embodies the Old West. But the fantasies presented in Westerns obscure its darker history and the lives of the Navajo people who inhabit it.,2023-05-18,,2023-05-18 18:35:03,"{'type': 'article', 'url': 'https://www.nytimes.com/2023/05/18/movies/the-taking-review.html', 'suggested_link_text': 'Read the New York Times Review of The Taking'}","{'type': 'mediumThreeByTwo210', 'src': 'https://static01.nyt.com/images/2023/05/19/multimedia/18the-taking-review-wzbv/18the-taking-review-wzbv-mediumThreeByTwo440.jpg', 'height': 140, 'width': 210}"
Stay Awake,,0,Claire Shaffer,‘Stay Awake’ Review: Becoming Their Mother’s Caretakers,This story of a small-town family impacted by addiction succeeds in humanizing its characters but falters when it tries to include a coming-of-age tale.,2023-05-18,,2023-05-18 17:42:03,"{'type': 'article', 'url': 'https://www.nytimes.com/2023/05/18/movies/stay-awake-review.html', 'suggested_link_text': 'Read the New York Times Review of Stay Awake'}","{'type': 'mediumThreeByTwo210', 'src': 'https://static01.nyt.com/images/2023/05/18/multimedia/18stay-awake-review-lpbk/18stay-awake-review-lpbk-mediumThreeByTwo440.jpg', 'height': 140, 'width': 210}"
Butterfly Vision,,0,Natalia Winkelman,‘Butterfly Vision’ Review: A Ukrainian Soldier’s Lonely Struggle,A traumatized woman returns home from eastern Ukraine after being held captive by Russian separatists.,2023-05-18,2023-05-17,2023-05-18 17:27:06,"{'type': 'article', 'url': 'https://www.nytimes.com/2023/05/18/movies/butterfly-vision-review.html', 'suggested_link_text': 'Read the New York Times Review of Butterfly Vision'}","{'type': 'mediumThreeByTwo210', 'src': 'https://static01.nyt.com/images/2023/05/17/multimedia/17butterfly-vision-review-gmzc/17butterfly-vision-review-gmzc-mediumThreeByTwo440.jpg', 'height': 140, 'width': 210}"
Museum of the Revolution,,0,Natalia Winkelman,‘Museum of the Revolution’ Review: Sheltering in an Abandoned Utopia,This quiet documentary observes three unhoused women from different generations who live among the remains of an unfinished museum in Belgrade.,2023-05-18,,2023-05-18 17:11:04,"{'type': 'article', 'url': 'https://www.nytimes.com/2023/05/18/movies/museum-of-the-revolution-review.html', 'suggested_link_text': 'Read the New York Times Review of Museum of the Revolution'}","{'type': 'mediumThreeByTwo210', 'src': 'https://static01.nyt.com/images/2023/05/17/multimedia/museum1-pjlw/museum1-pjlw-mediumThreeByTwo440.jpg', 'height': 140, 'width': 210}"
White Men Can't Jump,R,0,Glenn Kenny,‘White Men Can’t Jump’ Review: Bouncing Off the Rim,"Even the trash talk in a remake of the 1992 street ball comedy has no spark, despite the best efforts of Sinqua Walls and Jack Harlow.",2023-05-18,2023-05-19,2023-05-18 13:01:03,"{'type': 'article', 'url': 'https://www.nytimes.com/2023/05/18/movies/white-men-cant-jump-review.html', 'suggested_link_text': ""Read the New York Times Review of White Men Can't Jump""}","{'type': 'mediumThreeByTwo210', 'src': 'https://static01.nyt.com/images/2023/05/19/multimedia/18white-men-cant-jump-review-qjpk/18white-men-cant-jump-review-qjpk-mediumThreeByTwo440.jpg', 'height': 140, 'width': 210}"
White Building,,0,Austin Considine,‘White Building’ Review: Coming of Age in Cambodia,Kavich Neang’s lush feature tells a largely autobiographical tale of growing up in a building whose often painful history is a microcosm of his country’s.,2023-05-18,,2023-05-18 11:03:06,"{'type': 'article', 'url': 'https://www.nytimes.com/2023/05/18/movies/white-building-review.html', 'suggested_link_text': 'Read the New York Times Review of White Building'}","{'type': 'mediumThreeByTwo210', 'src': 'https://static01.nyt.com/images/2023/05/17/multimedia/whitebuilding1-qtbw/whitebuilding1-qtbw-mediumThreeByTwo440.jpg', 'height': 140, 'width': 210}"
Come Out Fighting,,0,Calum Marsh,‘Come Out Fighting’ Review: The Battle of the Budget,"A veteran cast attempts to fend off a deluge of clichés in this cheap-looking, pleasingly scrappy war film.",2023-05-18,2023-05-19,2023-05-18 11:02:02,"{'type': 'article', 'url': 'https://www.nytimes.com/2023/05/18/movies/come-out-fighting-review.html', 'suggested_link_text': 'Read the New York Times Review of Come Out Fighting'}","{'type': 'mediumThreeByTwo210', 'src': 'https://static01.nyt.com/images/2023/05/17/multimedia/comeout1-wjpv/comeout1-wjpv-mediumThreeByTwo440.jpg', 'height': 140, 'width': 210}"
Moon Garden,,0,Amy Nicholson,‘Moon Garden’ Review: Malice in Wonderland,The director Ryan Stevens Harris brings a young girl’s subconscious to eerie life in this unnerving feature.,2023-05-18,,2023-05-18 11:05:02,"{'type': 'article', 'url': 'https://www.nytimes.com/2023/05/18/movies/moon-garden-review-malice-in-wonderland.html', 'suggested_link_text': 'Read the New York Times Review of Moon Garden'}","{'type': 'mediumThreeByTwo210', 'src': 'https://static01.nyt.com/images/2023/05/17/multimedia/moongarden1-vfcj/moongarden1-vfcj-mediumThreeByTwo440.jpg', 'height': 140, 'width': 210}"
Queenmaker: The Making of an It Girl,,0,Glenn Kenny,‘Queenmaker’ Review: Society Blogger to Self-Made Celebrity,The chronicler of the post-9/11 New York social whirl who is at the center of this documentary was no Manhattan insider but rather a student in Illinois.,2023-05-17,2023-05-17,2023-05-18 15:15:48,"{'type': 'article', 'url': 'https://www.nytimes.com/2023/05/17/movies/queenmaker-the-making-of-an-it-girl-review.html', 'suggested_link_text': 'Read the New York Times Review of Queenmaker: The Making of an It Girl'}","{'type': 'mediumThreeByTwo210', 'src': 'https://static01.nyt.com/images/2023/05/17/multimedia/17QUEENMAKER-REVIEW-pjfz/17QUEENMAKER-REVIEW-pjfz-mediumThreeByTwo440.jpg', 'height': 140, 'width': 210}"
Anna Nicole Smith: You Don't Know Me,TV-MA,0,Calum Marsh,‘Anna Nicole Smith: You Don’t Know Me’ Review: Mistreated,"The tumultuous life and death of the model, actress and tabloid superstar is related with little insight in this facile Netflix documentary.",2023-05-16,2023-05-16,2023-05-16 16:40:03,"{'type': 'article', 'url': 'https://www.nytimes.com/2023/05/16/movies/anna-nicole-smith-you-dont-know-me-review.html', 'suggested_link_text': ""Read the New York Times Review of Anna Nicole Smith: You Don't Know Me""}","{'type': 'mediumThreeByTwo210', 'src': 'https://static01.nyt.com/images/2023/05/16/multimedia/16anna-nicole-smith-review-tmgv/16anna-nicole-smith-review-tmgv-mediumThreeByTwo440.jpg', 'height': 140, 'width': 210}"
Giving Birth to a Butterfly,,0,Beatrice Loayza,‘Giving Birth to a Butterfly’ Review: Melancholy and Menace,"Steeped in a distinctly American nostalgia, this beautifully peculiar debut feature has a Lynchian quality.",2023-05-16,,2023-05-16 14:47:03,"{'type': 'article', 'url': 'https://www.nytimes.com/2023/05/16/movies/giving-birth-to-a-butterfly-review.html', 'suggested_link_text': 'Read the New York Times Review of Giving Birth to a Butterfly'}","{'type': 'mediumThreeByTwo210', 'src': 'https://static01.nyt.com/images/2023/05/16/multimedia/16GIVING-BIRTH-TO-A-BUTTERFLY-REVIEW-mgbw/16GIVING-BIRTH-TO-A-BUTTERFLY-REVIEW-mgbw-mediumThreeByTwo440.jpg', 'height': 140, 'width': 210}"
Hypnotic,R,0,Glenn Kenny,‘Hypnotic’ Review: A Twisty Thriller Sends Ben Affleck on the Run,Alice Braga plays a psychic and Affleck a cop in this action-packed Robert Rodriguez picture that gets a little overly ambitious.,2023-05-12,,2023-05-12 18:09:03,"{'type': 'article', 'url': 'https://www.nytimes.com/2023/05/12/movies/hypnotic-review.html', 'suggested_link_text': 'Read the New York Times Review of Hypnotic'}","{'type': 'mediumThreeByTwo210', 'src': 'https://static01.nyt.com/images/2023/05/12/multimedia/hypnotic1-qjpv/hypnotic1-qjpv-mediumThreeByTwo440.jpg', 'height': 140, 'width': 210}"
Crater,PG,0,Brandon Yu,‘Crater’ Review: A Rocking Road Trip,This Disney film is surprisingly nimble at incorporating an emotional core into its sci-fi adventure.,2023-05-12,2023-05-12,2023-05-12 07:02:42,"{'type': 'article', 'url': 'https://www.nytimes.com/2023/05/12/movies/crater-review-a-rocking-road-trip.html', 'suggested_link_text': 'Read the New York Times Review of Crater'}","{'type': 'mediumThreeByTwo210', 'src': 'https://static01.nyt.com/images/2023/05/12/multimedia/12crater-art-jpfw/12crater-art-jpfw-mediumThreeByTwo440.jpg', 'height': 140, 'width': 210}"
The Mother,R,0,Lisa Kennedy,‘The Mother’ Review: Are You My Sniper?,"At the heart of this action-thriller, an expert killer, played by Jennifer Lopez, must rescue her daughter at all costs.",2023-05-12,2023-05-12,2023-05-12 01:01:03,"{'type': 'article', 'url': 'https://www.nytimes.com/2023/05/11/movies/the-mother-review.html', 'suggested_link_text': 'Read the New York Times Review of The Mother'}","{'type': 'mediumThreeByTwo210', 'src': 'https://static01.nyt.com/images/2023/05/11/multimedia/11mother-review-jlwk/11mother-review-jlwk-mediumThreeByTwo440.jpg', 'height': 140, 'width': 210}"
It Ain't Over,PG,1,Glenn Kenny,"‘It Ain’t Over’ Review: When Yogi Berra Saw a Strike, He Hit It","The baseball player, known for his quirky malapropisms, was perpetually underestimated. But a new documentary proves he was a phenomenal talent.",2023-05-11,,2023-05-11 11:01:04,"{'type': 'article', 'url': 'https://www.nytimes.com/2023/05/11/movies/it-aint-over-review-yogi-berra-documentary.html', 'suggested_link_text': ""Read the New York Times Review of It Ain't Over""}","{'type': 'mediumThreeByTwo210', 'src': 'https://static01.nyt.com/images/2023/05/09/multimedia/it-aint-over-zpkj/it-aint-over-zpkj-mediumThreeByTwo440.jpg', 'height': 140, 'width': 210}"
Still: A Michael J. Fox Movie,R,1,Ben Kenigsberg,‘Still: A Michael J. Fox Movie’ Review: Hiding in Plain Sight,"The “Back to the Future” star time-travels through his career in this documentary, charting his experiences learning to live with Parkinson’s disease.",2023-05-11,2023-05-12,2023-05-11 11:03:03,"{'type': 'article', 'url': 'https://www.nytimes.com/2023/05/11/movies/still-a-michael-j-fox-movie-review-hiding-in-plain-sight.html', 'suggested_link_text': 'Read the New York Times Review of Still: A Michael J. Fox Movie'}","{'type': 'mediumThreeByTwo210', 'src': 'https://static01.nyt.com/images/2023/05/11/multimedia/11still-review-qcwk/11still-review-qcwk-mediumThreeByTwo440.jpg', 'height': 140, 'width': 210}"
Monica,R,1,Teo Bugbee,"‘Monica’ Review: Mother and Daughter, Both Alike in Dignity",Trace Lysette and Patricia Clarkson star in this subtle chamber drama.,2023-05-11,,2023-05-11 11:05:03,"{'type': 'article', 'url': 'https://www.nytimes.com/2023/05/11/movies/monica-review.html', 'suggested_link_text': 'Read the New York Times Review of Monica'}","{'type': 'mediumThreeByTwo210', 'src': 'https://static01.nyt.com/images/2023/05/10/multimedia/monica1-lftg/monica1-lftg-mediumThreeByTwo440.jpg', 'height': 140, 'width': 210}"
BlackBerry,R,1,Jeannette Catsoulis,"‘BlackBerry’ Review: Big Dreams, Little Keyboards","The struggle to sell a revolutionary gizmo fractures a friendship in this lively, bittersweet comedy.",2023-05-11,2023-05-12,2023-05-11 11:04:02,"{'type': 'article', 'url': 'https://www.nytimes.com/2023/05/11/movies/blackberry-review.html', 'suggested_link_text': 'Read the New York Times Review of BlackBerry'}","{'type': 'mediumThreeByTwo210', 'src': 'https://static01.nyt.com/images/2023/05/12/multimedia/blackberry1-bpvw/blackberry1-bpvw-mediumThreeByTwo440.jpg', 'height': 140, 'width': 210}"
Book Club: The Next Chapter,PG-13,0,Amy Nicholson,‘Book Club: The Next Chapter’ Review: Cinema Pinot Grigio,"Diane Keaton, Jane Fonda, Candice Bergen and Mary Steenburgen take a trip to Italy and don’t read as much in this comedy sequel.",2023-05-11,2023-05-12,2023-05-11 18:01:03,"{'type': 'article', 'url': 'https://www.nytimes.com/2023/05/11/movies/book-club-the-next-chapter-review.html', 'suggested_link_text': 'Read the New York Times Review of Book Club: The Next Chapter'}","{'type': 'mediumThreeByTwo210', 'src': 'https://static01.nyt.com/images/2023/05/12/multimedia/bookclub1-gwpb/bookclub1-gwpb-mediumThreeByTwo440.jpg', 'height': 140, 'width': 210}"
The Starling Girl,R,0,Natalia Winkelman,‘The Starling Girl’ Review: As the Spirit Moves,Eliza Scanlen plays a pious teenager who begins an affair with her youth pastor in this tender coming-of-age drama.,2023-05-11,2023-05-12,2023-05-11 15:39:02,"{'type': 'article', 'url': 'https://www.nytimes.com/2023/05/11/movies/the-starling-girl-review-as-the-spirit-moves.html', 'suggested_link_text': 'Read the New York Times Review of The Starling Girl'}","{'type': 'mediumThreeByTwo210', 'src': 'https://static01.nyt.com/images/2023/05/10/multimedia/starling1-mlkq/starling1-mlkq-mediumThreeByTwo440.jpg', 'height': 140, 'width': 210}"
L'immensità,,0,Beatrice Loayza,‘L’immensità’ Review: Roman Holiday,"Loosely based on the transgender director Emanuele Crialese’s transition, this Italian period drama is a sun-dappled nostalgia trip bristling with Oedipal tension.",2023-05-11,,2023-05-11 15:38:03,"{'type': 'article', 'url': 'https://www.nytimes.com/2023/05/11/movies/limmensita-review-roman-holiday.html', 'suggested_link_text': ""Read the New York Times Review of L'immensità""}","{'type': 'mediumThreeByTwo210', 'src': 'https://static01.nyt.com/images/2023/05/11/multimedia/limmensita1-tkqz/limmensita1-tkqz-mediumThreeByTwo440.jpg', 'height': 140, 'width': 210}"
Unfinished Business,,0,Elisabeth Vincentelli,‘Unfinished Business’ Review: Skimming the Surface of Women’s Basketball,"Unfortunately, this documentary about the W.N.B.A. and the New York Liberty hits the rim and then bounces out — it’s only close to good.",2023-05-11,,2023-05-11 11:02:04,"{'type': 'article', 'url': 'https://www.nytimes.com/2023/05/11/movies/unfinished-business-review.html', 'suggested_link_text': 'Read the New York Times Review of Unfinished Business'}","{'type': 'mediumThreeByTwo210', 'src': 'https://static01.nyt.com/images/2023/05/11/multimedia/11unfinished-business-review-kfhz/11unfinished-business-review-kfhz-mediumThreeByTwo440.jpg', 'height': 140, 'width': 210}"
Fool's Paradise,R,0,Nicolas Rapold,‘Fool’s Paradise’ Review: No Talent? No Problem!,A hapless man who barely speaks becomes a movie star in Charlie Day’s scattershot Hollywood satire.,2023-05-11,2023-05-12,2023-05-11 11:06:02,"{'type': 'article', 'url': 'https://www.nytimes.com/2023/05/11/movies/fools-paradise-review.html', 'suggested_link_text': ""Read the New York Times Review of Fool's Paradise""}","{'type': 'mediumThreeByTwo210', 'src': 'https://static01.nyt.com/images/2023/05/12/multimedia/fools1-mpqv/fools1-mpqv-mediumThreeByTwo440.jpg', 'height': 140, 'width': 210}"
Dealing with Dad,,0,Calum Marsh,‘Dealing With Dad’ Review: A Family Dysfunction,A fragmented family reunites to help their depressed patriarch in this surprisingly lighthearted film about serious subjects.,2023-05-09,2023-05-09,2023-05-09 11:01:03,"{'type': 'article', 'url': 'https://www.nytimes.com/2023/05/09/movies/dealing-with-dad-review.html', 'suggested_link_text': 'Read the New York Times Review of Dealing with Dad'}","{'type': 'mediumThreeByTwo210', 'src': 'https://static01.nyt.com/images/2023/05/08/multimedia/dealing1-qwvf/dealing1-qwvf-mediumThreeByTwo440.jpg', 'height': 140, 'width': 210}"
Queens of the Qing Dynasty,,1,Beatrice Loayza,‘Queens of the Qing Dynasty’ Review: Secret Soul Mates,"When a young woman hospitalized after a suicide attempt forms a bond with an international student, they create a different kind of relationship.",2023-05-04,,2023-05-04 17:58:07,"{'type': 'article', 'url': 'https://www.nytimes.com/2023/05/04/movies/queens-of-the-qing-dynasty-review.html', 'suggested_link_text': 'Read the New York Times Review of Queens of the Qing Dynasty'}","{'type': 'mediumThreeByTwo210', 'src': 'https://static01.nyt.com/images/2023/05/05/multimedia/04queens-of-the-qing-review-gmbc/04queens-of-the-qing-review-gmbc-mediumThreeByTwo440.jpg', 'height': 140, 'width': 210}"
Unrest,,1,Amy Nicholson,‘Unrest’ Review: The Times Are Not A-Changin’,A factory worker joins with a group of anarchist watchmakers in this marvelously crisp drama.,2023-05-04,,2023-05-04 11:01:03,"{'type': 'article', 'url': 'https://www.nytimes.com/2023/05/04/movies/unrest-review.html', 'suggested_link_text': 'Read the New York Times Review of Unrest'}","{'type': 'mediumThreeByTwo210', 'src': 'https://static01.nyt.com/images/2023/05/02/multimedia/unrest1-hbzp/unrest1-hbzp-mediumThreeByTwo440.jpg', 'height': 140, 'width': 210}"
Chile '76,,1,Teo Bugbee,‘Chile ’76’ Review: Domestic Unease That Twists Into Intrigue,Manuela Martelli’s new film examines the Pinochet dictatorship through the eyes of a woman who never intended to play an active role.,2023-05-04,,2023-05-04 09:02:17,"{'type': 'article', 'url': 'https://www.nytimes.com/2023/05/04/movies/chile-76-review.html', 'suggested_link_text': ""Read the New York Times Review of Chile '76""}","{'type': 'mediumThreeByTwo210', 'src': 'https://static01.nyt.com/images/2023/05/07/multimedia/07CHILE76-SUBPIX-hjvk/07CHILE76-SUBPIX-hjvk-mediumThreeByTwo440.jpg', 'height': 140, 'width': 210}"
,,0,Wesley Morris,"‘The Melt Goes On Forever’ Review: David Hammons Makes, and They Take","A new documentary explores the artist’s sly conceptual works, and what it means when white people try to own something Black.",2023-05-04,,0001-01-01 00:00:00,"{'type': 'article', 'url': 'https://www.nytimes.com/2023/05/04/movies/david-hammons-the-melt-goes-on-forever-review.html', 'suggested_link_text': 'Read the New York Times Review of '}","{'type': 'mediumThreeByTwo210', 'src': 'https://static01.nyt.com/images/2023/05/04/multimedia/04melt1-fgpk/04melt1-fgpk-mediumThreeByTwo440.jpg', 'height': 140, 'width': 210}"
What's Love Got to Do with It?,PG-13,0,Jeannette Catsoulis,Review: ‘What’s Love Got to Do With It?’ Probably a Lot,Two childhood friends navigate cultural differences in this pleasantly uncontentious romantic comedy.,2023-05-04,2023-05-05,2023-05-04 17:17:05,"{'type': 'article', 'url': 'https://www.nytimes.com/2023/05/04/movies/whats-love-got-to-do-with-it-review.html', 'suggested_link_text': ""Read the New York Times Review of What's Love Got to Do with It?""}","{'type': 'mediumThreeByTwo210', 'src': 'https://static01.nyt.com/images/2023/05/04/multimedia/whats-love1-fbmh/whats-love1-fbmh-mediumThreeByTwo440.jpg', 'height': 140, 'width': 210}"
You Can Live Forever,,0,Elisabeth Vincentelli,‘You Can Live Forever’ Review: Do You Love Me Now?,Religion comes between two girls falling in love in the 1990s in this sweet coming-of-age film bathed in grunge hues.,2023-05-04,,2023-05-04 11:03:17,"{'type': 'article', 'url': 'https://www.nytimes.com/2023/05/04/movies/you-can-live-forever-review.html', 'suggested_link_text': 'Read the New York Times Review of You Can Live Forever'}","{'type': 'mediumThreeByTwo210', 'src': 'https://static01.nyt.com/images/2023/05/04/multimedia/04you-can-live-forever-review-bltz/04you-can-live-forever-review-bltz-mediumThreeByTwo440.jpg', 'height': 140, 'width': 210}"
Anxious Nation,,0,Natalia Winkelman,‘Anxious Nation’ Review: The Kids Aren’t All Right,Young people discuss their troubles with anxiety and panic in this unfocused advocacy documentary.,2023-05-04,2023-05-05,2023-05-04 11:04:02,"{'type': 'article', 'url': 'https://www.nytimes.com/2023/05/04/movies/anxious-nation-review.html', 'suggested_link_text': 'Read the New York Times Review of Anxious Nation'}","{'type': 'mediumThreeByTwo210', 'src': 'https://static01.nyt.com/images/2023/05/04/multimedia/04anxious-nation-art-kzlw/04anxious-nation-art-kzlw-mediumThreeByTwo440.jpg', 'height': 140, 'width': 210}"
Slava Ukraini,,0,Ben Kenigsberg,‘Slava Ukraini’ Review: Tour of a War-Torn Nation,"The French public intellectual Bernard-Henri Lévy travels to different parts of Ukraine in this dispatch-documentary, shot in the second half of 2022.",2023-05-04,2023-05-05,2023-05-04 11:05:02,"{'type': 'article', 'url': 'https://www.nytimes.com/2023/05/04/movies/slava-ukraini-review.html', 'suggested_link_text': 'Read the New York Times Review of Slava Ukraini'}","{'type': 'mediumThreeByTwo210', 'src': 'https://static01.nyt.com/images/2023/05/03/multimedia/slava1-ltfg/slava1-ltfg-mediumThreeByTwo440.jpg', 'height': 140, 'width': 210}"
Riceboy Sleeps,,0,Brandon Yu,‘Riceboy Sleeps’ Review: Motherhood and Boyhood in a New Home,"This intimate drama gives a moving, if imperfect, look at a Korean immigrant mother’s struggle to raise her son in 1990s Canada.",2023-05-04,,2023-05-04 11:02:03,"{'type': 'article', 'url': 'https://www.nytimes.com/2023/05/04/movies/riceboy-sleeps-review.html', 'suggested_link_text': 'Read the New York Times Review of Riceboy Sleeps'}","{'type': 'mediumThreeByTwo210', 'src': 'https://static01.nyt.com/images/2023/06/02/multimedia/02riceboy-sleeps-review-fzmg/02riceboy-sleeps-review-fzmg-mediumThreeByTwo440.jpg', 'height': 140, 'width': 210}"
Guardians of the Galaxy Vol. 3,PG-13,0,Maya Phillips,‘Guardians of the Galaxy Vol. 3’ Review: Raccoon Tears and a Final Mixtape,"This dour, visually off-putting two-and-a-half-hour A.S.P.C.A. nightmare of a film may only be for completionist fans.",2023-05-03,2023-05-05,2023-05-03 17:06:03,"{'type': 'article', 'url': 'https://www.nytimes.com/2023/05/03/movies/guardians-of-the-galaxy-vol-3-review.html', 'suggested_link_text': 'Read the New York Times Review of Guardians of the Galaxy Vol. 3'}","{'type': 'mediumThreeByTwo210', 'src': 'https://static01.nyt.com/images/2023/05/05/multimedia/gurardians1-qmcf/gurardians1-qmcf-mediumThreeByTwo440.jpg', 'height': 140, 'width': 210}"
,,0,Glenn Kenny,"‘King Charles, the Boy Who Walked Alone’ Review: Reflections on a Monarch","A sort of cinematic advance man for this week’s coronation, the documentary makes a show of seeking balance but often tips its hand in favor of Charles.",2023-05-02,,0001-01-01 00:00:00,"{'type': 'article', 'url': 'https://www.nytimes.com/2023/05/02/movies/king-charles-the-boy-who-walked-alone-review.html', 'suggested_link_text': 'Read the New York Times Review of '}","{'type': 'mediumThreeByTwo210', 'src': 'https://static01.nyt.com/images/2023/05/01/arts/king-charles-1/king-charles-1-mediumThreeByTwo440.jpg', 'height': 140, 'width': 210}"
Peter Pan & Wendy,PG,0,Amy Nicholson,‘Peter Pan & Wendy’ Review: A New Girl in Neverland,"The filmmaker David Lowery updates the classic tale with his own pixie dust, saving what’s good and scuttling the rest.",2023-04-28,2023-04-28,2023-04-28 07:02:03,"{'type': 'article', 'url': 'https://www.nytimes.com/2023/04/28/movies/peter-pan-wendy-review.html', 'suggested_link_text': 'Read the New York Times Review of Peter Pan & Wendy'}","{'type': 'mediumThreeByTwo210', 'src': 'https://static01.nyt.com/images/2023/04/28/multimedia/29peter-pan-and-wendy-art-fplv/29peter-pan-and-wendy-art-fplv-mediumThreeByTwo440.jpg', 'height': 140, 'width': 210}"
The Eight Mountains,,1,Manohla Dargis,‘The Eight Mountains’ Review: A Bond Forged Amid Splendor,"Set in the Italian Alps, this tender memory movie charts an intense friendship across both decades and continents.",2023-04-27,,2023-04-27 19:02:03,"{'type': 'article', 'url': 'https://www.nytimes.com/2023/04/27/movies/the-eight-mountains-review-italy.html', 'suggested_link_text': 'Read the New York Times Review of The Eight Mountains'}","{'type': 'mediumThreeByTwo210', 'src': 'https://static01.nyt.com/images/2023/04/27/multimedia/27eight-mountains-review-ckvm/27eight-mountains-review-ckvm-mediumThreeByTwo440.jpg', 'height': 140, 'width': 210}"
R.M.N.,,1,Manohla Dargis,‘R.M.N.’ Review: A Bleak Diagnosis for Romania,"The director Cristian Mungiu, a powerhouse of the Romanian New Wave, examines a village’s explosive reaction to a bakery hiring some foreign workers.",2023-04-27,2023-04-07,2023-04-27 18:22:03,"{'type': 'article', 'url': 'https://www.nytimes.com/2023/04/27/movies/rmn-review-cristian-mungiu.html', 'suggested_link_text': 'Read the New York Times Review of R.M.N.'}","{'type': 'mediumThreeByTwo210', 'src': 'https://static01.nyt.com/images/2023/04/28/multimedia/rmn-review2-qwvg/rmn-review2-qwvg-mediumThreeByTwo440.jpg', 'height': 140, 'width': 210}"
"Are You There God? It's Me, Margaret.",PG-13,1,Lisa Kennedy,"‘Are You There God? It’s Me, Margaret’ Review: Periods and Question Marks",Judy Blume’s groundbreaking novel about puberty — and so much more — finally gets the adaptation it deserves.,2023-04-27,2023-04-28,2023-04-27 17:20:03,"{'type': 'article', 'url': 'https://www.nytimes.com/2023/04/27/movies/are-you-there-god-its-me-margaret-review.html', 'suggested_link_text': ""Read the New York Times Review of Are You There God? It's Me, Margaret.""}","{'type': 'mediumThreeByTwo210', 'src': 'https://static01.nyt.com/images/2023/04/28/multimedia/27are-you-there1-wfkt/27are-you-there1-wfkt-mediumThreeByTwo440.jpg', 'height': 140, 'width': 210}"
Polite Society,PG-13,1,Amy Nicholson,‘Polite Society’ Review: Pride and Plenty of Fists,"This exuberant genre mash-up borrows from everything — westerns, musicals, heist capers, horror, Jane Austen and James Bond — to tell the story of two sisters.",2023-04-27,2023-04-28,2023-04-27 16:55:03,"{'type': 'article', 'url': 'https://www.nytimes.com/2023/04/27/movies/polite-society-review.html', 'suggested_link_text': 'Read the New York Times Review of Polite Society'}","{'type': 'mediumThreeByTwo210', 'src': 'https://static01.nyt.com/images/2023/04/27/multimedia/27polite-society-review-mvlf/27polite-society-review-mvlf-mediumThreeByTwo440.jpg', 'height': 140, 'width': 210}"
Nuclear Now,,1,Brandon Yu,‘Nuclear Now’ Review: Oliver Stone Makes the Case for Power Plants,The director’s new documentary considers our complicated relationship to nuclear energy and argues that it is our best hope against climate change.,2023-04-27,2023-05-01,2023-04-27 11:04:02,"{'type': 'article', 'url': 'https://www.nytimes.com/2023/04/27/movies/nuclear-now-review.html', 'suggested_link_text': 'Read the New York Times Review of Nuclear Now'}","{'type': 'mediumThreeByTwo210', 'src': 'https://static01.nyt.com/images/2023/04/28/multimedia/27nuclear-now-review1-mtqz/27nuclear-now-review1-mtqz-mediumThreeByTwo440.jpg', 'height': 140, 'width': 210}"
Four Quartets,,0,Teo Bugbee,‘Four Quartets’ Review: Virtuosi in Verse,"Ralph Fiennes delivers an animated performance of the T.S. Eliot works, but the film doesn’t quite succeed in bringing the stage into the cinema.",2023-04-27,,2023-04-27 18:23:06,"{'type': 'article', 'url': 'https://www.nytimes.com/2023/04/27/movies/four-quartets-review.html', 'suggested_link_text': 'Read the New York Times Review of Four Quartets'}","{'type': 'mediumThreeByTwo210', 'src': 'https://static01.nyt.com/images/2023/04/27/multimedia/27four-quartets-review-zflc/27four-quartets-review-zflc-mediumThreeByTwo440.jpg', 'height': 140, 'width': 210}"
The End of Sex,R,0,Beatrice Loayza,‘The End of Sex’ Review: When Domesticity Kills the Mood,This comedy follows the misadventures of a bored 40-something married couple who are attempting to spice up their sex life.,2023-04-27,2023-04-28,2023-04-27 17:03:03,"{'type': 'article', 'url': 'https://www.nytimes.com/2023/04/27/movies/the-end-of-sex-review.html', 'suggested_link_text': 'Read the New York Times Review of The End of Sex'}","{'type': 'mediumThreeByTwo210', 'src': 'https://static01.nyt.com/images/2023/04/27/multimedia/27end-of-sex-review-lvbf/27end-of-sex-review-lvbf-mediumThreeByTwo440.jpg', 'height': 140, 'width': 210}"
Big George Foreman: The Miraculous Story of the Once and Future Heavyweight Champion of the World,PG-13,0,Glenn Kenny,‘Big George Foreman’ Review: Not the Biopic a Two-time Champ Deserves,"The fictionalized film, with the boxer himself as one of its executive producers, crams a lot of events into its running time, leaving its charismatic cast on the ropes.",2023-04-27,2023-04-28,2023-04-27 16:41:03,"{'type': 'article', 'url': 'https://www.nytimes.com/2023/04/27/movies/big-george-foreman-review.html', 'suggested_link_text': 'Read the New York Times Review of Big George Foreman: The Miraculous Story of the Once and Future Heavyweight Champion of the World'}","{'type': 'mediumThreeByTwo210', 'src': 'https://static01.nyt.com/images/2023/04/27/multimedia/27big-george-foreman-review-lkhz/27big-george-foreman-review-lkhz-mediumThreeByTwo440.jpg', 'height': 140, 'width': 210}"
The Restless,,0,Claire Shaffer,‘The Restless’ Review: The Painful Cycles of Mental Illness,Joachim Lafosse’s film is an intimate but flawed portrayal of the effect a man’s bipolar disorder has on his family.,2023-04-27,,2023-04-27 16:06:03,"{'type': 'article', 'url': 'https://www.nytimes.com/2023/04/27/movies/the-restless-review.html', 'suggested_link_text': 'Read the New York Times Review of The Restless'}","{'type': 'mediumThreeByTwo210', 'src': 'https://static01.nyt.com/images/2023/04/27/multimedia/27restless-review1-gkht/27restless-review1-gkht-mediumThreeByTwo440.jpg', 'height': 140, 'width': 210}"
Freaks Out,,0,Nicolas Rapold,‘Freaks vs. the Reich’ Review: Band of Others,"This big-hearted, blithely odd adventure pits a troupe of superpowered circus folk against a psychic Nazi pianist.",2023-04-27,2023-04-28,2023-04-27 15:44:03,"{'type': 'article', 'url': 'https://www.nytimes.com/2023/04/27/movies/freaks-vs-the-reich-review.html', 'suggested_link_text': 'Read the New York Times Review of Freaks Out'}","{'type': 'mediumThreeByTwo210', 'src': 'https://static01.nyt.com/images/2023/04/27/multimedia/27freaks-vs-reich-review-sub-jmck/27freaks-vs-reich-review-sub-jmck-mediumThreeByTwo440.jpg', 'height': 140, 'width': 210}"
Those Who Remained,,0,Ben Kenigsberg,‘Those Who Remained’ Review: Managing Unimaginable Grief,"Set in Hungary after World War II, this film concerns a doctor and a teenager seeking to fill the void left by the relatives they lost.",2023-04-27,2020-02-21,2023-04-27 13:45:02,"{'type': 'article', 'url': 'https://www.nytimes.com/2023/04/27/movies/those-who-remained-review.html', 'suggested_link_text': 'Read the New York Times Review of Those Who Remained'}","{'type': 'mediumThreeByTwo210', 'src': 'https://static01.nyt.com/images/2023/04/26/multimedia/those1-wklm/those1-wklm-mediumThreeByTwo440.jpg', 'height': 140, 'width': 210}"
Winter Boy,,0,Devika Girish,‘Winter Boy’ Review: Lost and Found,"In this French drama about a teenager grappling with grief, a winning cast rises above a heavy-handed script.",2023-04-27,2023-04-28,2023-04-27 13:44:03,"{'type': 'article', 'url': 'https://www.nytimes.com/2023/04/27/movies/winter-boy-review.html', 'suggested_link_text': 'Read the New York Times Review of Winter Boy'}","{'type': 'mediumThreeByTwo210', 'src': 'https://static01.nyt.com/images/2023/04/26/multimedia/winter1-tckb/winter1-tckb-mediumThreeByTwo440.jpg', 'height': 140, 'width': 210}"
Sisu,R,0,Calum Marsh,‘Sisu’ Review: Sweat Wicking,A seemingly invincible former commando goes on a rampage in this blandly gratuitous World War II action movie.,2023-04-27,2023-04-28,2023-04-27 11:02:05,"{'type': 'article', 'url': 'https://www.nytimes.com/2023/04/27/movies/sisu-review.html', 'suggested_link_text': 'Read the New York Times Review of Sisu'}","{'type': 'mediumThreeByTwo210', 'src': 'https://static01.nyt.com/images/2023/04/28/multimedia/27sisu-review-vbjt/27sisu-review-vbjt-mediumThreeByTwo440.jpg', 'height': 140, 'width': 210}"
Clock,,0,Elisabeth Vincentelli,‘Clock’ Review: That Biological Ticking Is Now a Time Bomb,"A woman who does not want children is pressured into changing her mind, with horrific results, in Alexis Jacknow’s fitfully scary horror movie.",2023-04-27,2023-04-28,2023-04-27 11:03:06,"{'type': 'article', 'url': 'https://www.nytimes.com/2023/04/27/movies/clock-review.html', 'suggested_link_text': 'Read the New York Times Review of Clock'}","{'type': 'mediumThreeByTwo210', 'src': 'https://static01.nyt.com/images/2023/04/27/multimedia/27clock-review-lpwg/27clock-review-lpwg-mediumThreeByTwo440.jpg', 'height': 140, 'width': 210}"
Broadway,,0,Kelli Weston,‘Broadway’ Review: Life on the Margins,Christos Massalas’s compelling debut feature follows a winsome troupe of castaways in modern Greece.,2023-04-27,,2023-04-27 11:01:03,"{'type': 'article', 'url': 'https://www.nytimes.com/2023/04/27/movies/broadway-review.html', 'suggested_link_text': 'Read the New York Times Review of Broadway'}","{'type': 'mediumThreeByTwo210', 'src': 'https://static01.nyt.com/images/2023/04/26/multimedia/broadway1-mqwc/broadway1-mqwc-mediumThreeByTwo440.jpg', 'height': 140, 'width': 210}"
Wynonna Judd: Between Hell and Hallelujah,,0,Chris Azzopardi,‘Wynonna Judd: Between Hell and Hallelujah’ Review: The Show Must Go On,"A documentary about the country star, whose mother and singing partner, Naomi Judd, died last year, mostly fails to kindle unguided emotions.",2023-04-26,2023-04-26,2023-04-26 18:27:10,"{'type': 'article', 'url': 'https://www.nytimes.com/2023/04/26/movies/wynonna-judd-between-hell-and-hallelujah-review.html', 'suggested_link_text': 'Read the New York Times Review of Wynonna Judd: Between Hell and Hallelujah'}","{'type': 'mediumThreeByTwo210', 'src': 'https://static01.nyt.com/images/2023/04/26/multimedia/26wynonna-judd-doc-review1-lvkq/26wynonna-judd-doc-review1-lvkq-mediumThreeByTwo440.jpg', 'height': 140, 'width': 210}"
Centurion: The Dancing Stallion,PG,0,Natalia Winkelman,‘Centurion: The Dancing Stallion’ Review: Romance on the Ranch,A young woman training for a horse dancing competition confronts a medical crisis in this conventional family melodrama.,2023-04-25,,2023-04-25 19:32:03,"{'type': 'article', 'url': 'https://www.nytimes.com/2023/04/25/movies/centurion-the-dancing-stallion-review.html', 'suggested_link_text': 'Read the New York Times Review of Centurion: The Dancing Stallion'}","{'type': 'mediumThreeByTwo210', 'src': 'https://static01.nyt.com/images/2023/04/25/multimedia/25centurion-review-qcgf/25centurion-review-qcgf-mediumThreeByTwo440.jpg', 'height': 140, 'width': 210}"
Evil Dead Rise,R,0,Jason Zinoman,‘Evil Dead Rise’ Review: Mommy Issues,The matriarch of a family ends up demon-possessed in this blood-drenched entry in the long-running horror franchise.,2023-04-21,2023-04-21,2023-04-21 13:03:03,"{'type': 'article', 'url': 'https://www.nytimes.com/2023/04/21/movies/evil-dead-rise-review.html', 'suggested_link_text': 'Read the New York Times Review of Evil Dead Rise'}","{'type': 'mediumThreeByTwo210', 'src': 'https://static01.nyt.com/images/2023/04/20/multimedia/evil-dead-rise1-wvlj/evil-dead-rise1-wvlj-mediumThreeByTwo440.jpg', 'height': 140, 'width': 210}"
A Tourist's Guide to Love,TV-PG,0,Elisabeth Vincentelli,‘A Tourist’s Guide to Love’ Review: A Wearyingly Familiar Trip,Rachael Leigh Cook stars in this bland rom-com as a travel executive exploring Vietnam and getting over a breakup.,2023-04-21,2023-04-21,2023-04-21 07:04:03,"{'type': 'article', 'url': 'https://www.nytimes.com/2023/04/21/movies/a-tourists-guide-to-love-review.html', 'suggested_link_text': ""Read the New York Times Review of A Tourist's Guide to Love""}","{'type': 'mediumThreeByTwo210', 'src': 'https://static01.nyt.com/images/2023/04/21/multimedia/21tourists-guide-to-love-review1-qhwp/21tourists-guide-to-love-review1-qhwp-mediumThreeByTwo440.jpg', 'height': 140, 'width': 210}"
Ghosted,PG-13,0,Calum Marsh,‘Ghosted’ Review: A C.I.A. Meet Cute,"A date becomes a spy skirmish in this action-heavy, paint-by-numbers Apple TV+ rom-com starring Chris Evans and Ana de Armas.",2023-04-21,2023-04-21,2023-04-21 01:01:05,"{'type': 'article', 'url': 'https://www.nytimes.com/2023/04/20/movies/ghosted-review.html', 'suggested_link_text': 'Read the New York Times Review of Ghosted'}","{'type': 'mediumThreeByTwo210', 'src': 'https://static01.nyt.com/images/2023/04/20/multimedia/ghosted2-jvgh/ghosted2-jvgh-mediumThreeByTwo440.jpg', 'height': 140, 'width': 210}"
Dry Ground Burning,,1,Beatrice Loayza,"‘Dry Ground Burning’ Review: Feminist Gangsters, Brazilian Style","Featuring a cast of local actors playing semi-fictionalized versions of themselves, this movie flies in the face of the country’s political establishment.",2023-04-20,,2023-04-20 18:10:03,"{'type': 'article', 'url': 'https://www.nytimes.com/2023/04/20/movies/dry-ground-burning-review.html', 'suggested_link_text': 'Read the New York Times Review of Dry Ground Burning'}","{'type': 'mediumThreeByTwo210', 'src': 'https://static01.nyt.com/images/2023/04/20/multimedia/20dry-ground-burning-review-jtmg/20dry-ground-burning-review-jtmg-mediumThreeByTwo440.jpg', 'height': 140, 'width': 210}"
Other People's Children,,1,Manohla Dargis,‘Other People’s Children’ Review: True Romance,"A radiant Virginie Efira stars as a Parisian teacher who blissfully falls for a man and his 4-year-old daughter, complicating everyone’s lives.",2023-04-20,,2023-04-20 15:36:03,"{'type': 'article', 'url': 'https://www.nytimes.com/2023/04/20/movies/other-peoples-children-review.html', 'suggested_link_text': ""Read the New York Times Review of Other People's Children""}","{'type': 'mediumThreeByTwo210', 'src': 'https://static01.nyt.com/images/2023/04/20/multimedia/20other1-jfzc/20other1-jfzc-mediumThreeByTwo440.jpg', 'height': 140, 'width': 210}"
Trenque Lauquen parte I,,1,Devika Girish,‘Trenque Lauquen’ Review: Lose Yourself,"This sprawling Argentine film, about a missing botanist, finds liberation in being lost — and treats mystery as an end in itself, not just as a road to revelation.",2023-04-20,,2023-04-20 11:06:02,"{'type': 'article', 'url': 'https://www.nytimes.com/2023/04/20/movies/trenque-lauquen-review.html', 'suggested_link_text': 'Read the New York Times Review of Trenque Lauquen parte I'}","{'type': 'mediumThreeByTwo210', 'src': 'https://static01.nyt.com/images/2023/04/21/multimedia/20trenque-lauquen-review-zght/20trenque-lauquen-review-zght-mediumThreeByTwo440.jpg', 'height': 140, 'width': 210}"
Trenque Lauquen parte II,,1,Devika Girish,‘Trenque Lauquen’ Review: Lose Yourself,"This sprawling Argentine film, about a missing botanist, finds liberation in being lost — and treats mystery as an end in itself, not just as a road to revelation.",2023-04-20,,2023-04-20 14:20:03,"{'type': 'article', 'url': 'https://www.nytimes.com/2023/04/20/movies/trenque-lauquen-review.html', 'suggested_link_text': 'Read the New York Times Review of Trenque Lauquen parte II'}","{'type': 'mediumThreeByTwo210', 'src': 'https://static01.nyt.com/images/2023/04/21/multimedia/20trenque-lauquen-review-zght/20trenque-lauquen-review-zght-mediumThreeByTwo440.jpg', 'height': 140, 'width': 210}"
Judy Blume Forever,,1,Claire Shaffer,‘Judy Blume Forever’ Review: The Y.A. Author Who Went There First,"The documentary, streaming on Amazon Prime Video, features Blume narrating the milestones of her life and career, along with interviews of her famous fans.",2023-04-20,,2023-04-20 11:04:02,"{'type': 'article', 'url': 'https://www.nytimes.com/2023/04/20/movies/judy-blume-forever-review.html', 'suggested_link_text': 'Read the New York Times Review of Judy Blume Forever'}","{'type': 'mediumThreeByTwo210', 'src': 'https://static01.nyt.com/images/2023/04/21/multimedia/20judy-blume-review-blqt/20judy-blume-review-blqt-mediumThreeByTwo440.jpg', 'height': 140, 'width': 210}"
Twilight,,0,Teo Bugbee,‘Twilight’ Review: Film Noir in the Hungarian Hills,A retired detective returns to his job to hunt down a child killer in this distinctive and Béla Tarr-influenced film.,2023-04-20,,2023-04-20 18:25:20,"{'type': 'article', 'url': 'https://www.nytimes.com/2023/04/20/movies/twilight-review.html', 'suggested_link_text': 'Read the New York Times Review of Twilight'}","{'type': 'mediumThreeByTwo210', 'src': 'https://static01.nyt.com/images/2023/04/20/multimedia/20twilight-review-jlpm/20twilight-review-jlpm-mediumThreeByTwo440.jpg', 'height': 140, 'width': 210}"
Chevalier,PG-13,0,Lisa Kennedy,‘Chevalier’ Review: A Black Virtuoso Rocks the Court of Marie Antoinette,"A new movie about Joseph Bologne, the Chevalier de Saint-George, may owe as much to “Bridgerton” as it does the history books.",2023-04-20,2023-04-21,2023-04-20 16:16:03,"{'type': 'article', 'url': 'https://www.nytimes.com/2023/04/20/movies/chevalier-review.html', 'suggested_link_text': 'Read the New York Times Review of Chevalier'}","{'type': 'mediumThreeByTwo210', 'src': 'https://static01.nyt.com/images/2023/04/20/multimedia/20chevalier-review-qwmc/20chevalier-review-qwmc-mediumThreeByTwo440.jpg', 'height': 140, 'width': 210}"
Little Richard: I Am Everything,,0,Ben Kenigsberg,‘Little Richard: I Am Everything’ Review: The Nitty-Gritty Beyond ‘Tutti Frutti’,This documentary presents the self-proclaimed “architect of rock ’n’ roll” as a man of contradictions.,2023-04-20,2023-04-21,2023-04-20 11:01:04,"{'type': 'article', 'url': 'https://www.nytimes.com/2023/04/20/movies/little-richard-i-am-everything-review.html', 'suggested_link_text': 'Read the New York Times Review of Little Richard: I Am Everything'}","{'type': 'mediumThreeByTwo210', 'src': 'https://static01.nyt.com/images/2023/04/21/multimedia/littlerichard1-bjvp/littlerichard1-bjvp-mediumThreeByTwo440.jpg', 'height': 140, 'width': 210}"
Carmen,R,0,Joshua Barone,‘Carmen’ Review: We’re Not in Spain Anymore,The choreographer Benjamin Millepied’s directing debut is an of-the-moment but scattered take on a classic love story.,2023-04-20,,2023-04-20 11:08:02,"{'type': 'article', 'url': 'https://www.nytimes.com/2023/04/20/movies/carmen-review-benjamin-millepied.html', 'suggested_link_text': 'Read the New York Times Review of Carmen'}","{'type': 'mediumThreeByTwo210', 'src': 'https://static01.nyt.com/images/2023/04/21/multimedia/20carmen-review-2-mqth/20carmen-review-2-mqth-mediumThreeByTwo440.jpg', 'height': 140, 'width': 210}"
Plan 75,,0,Nicolas Rapold,‘Plan 75’ Review: Leaving Early,"In this quietly bold debut feature, the Japanese government offers a euthanasia program and a 78-year-old woman considers her future.",2023-04-20,,2023-04-20 11:05:02,"{'type': 'article', 'url': 'https://www.nytimes.com/2023/04/20/movies/plan-75-review.html', 'suggested_link_text': 'Read the New York Times Review of Plan 75'}","{'type': 'mediumThreeByTwo210', 'src': 'https://static01.nyt.com/images/2023/04/20/multimedia/20plan-seventy-five-review-kjqb/20plan-seventy-five-review-kjqb-mediumThreeByTwo440.jpg', 'height': 140, 'width': 210}"
Quasi,R,0,Brandon Yu,‘Quasi’ Review: Medieval Inanity,The new film from the comedy troupe Broken Lizard is a goofy take on the story of the famed hunchback Quasimodo.,2023-04-20,2023-04-20,2023-04-20 11:03:08,"{'type': 'article', 'url': 'https://www.nytimes.com/2023/04/20/movies/quasi-review.html', 'suggested_link_text': 'Read the New York Times Review of Quasi'}","{'type': 'mediumThreeByTwo210', 'src': 'https://static01.nyt.com/images/2023/04/20/multimedia/20quasi-art-kgqh/20quasi-art-kgqh-mediumThreeByTwo440.jpg', 'height': 140, 'width': 210}"
Guy Ritchie's the Covenant,R,0,Amy Nicholson,‘Guy Ritchie’s The Covenant’ Review: Call of Duty,Jake Gyllenhaal stars in this furious and discomfiting war film that tugs on your conscience for days.,2023-04-20,2023-04-21,2023-04-20 11:07:08,"{'type': 'article', 'url': 'https://www.nytimes.com/2023/04/20/movies/guy-ritchies-the-covenant-review.html', 'suggested_link_text': ""Read the New York Times Review of Guy Ritchie's the Covenant""}","{'type': 'mediumThreeByTwo210', 'src': 'https://static01.nyt.com/images/2023/04/21/multimedia/covenant1-bfwk/covenant1-bfwk-mediumThreeByTwo440.jpg', 'height': 140, 'width': 210}"
Somewhere in Queens,R,0,Glenn Kenny,‘Somewhere in Queens’ Review: Rooting for the Underdog,"Ray Romano plumbed the absurdities of family life on his sitcom “Everybody Loves Raymond.” For this, his feature directing debut, he sticks to an Italian American milieu.",2023-04-20,2023-04-21,2023-04-20 11:02:04,"{'type': 'article', 'url': 'https://www.nytimes.com/2023/04/20/movies/somewhere-in-queens-review.html', 'suggested_link_text': 'Read the New York Times Review of Somewhere in Queens'}","{'type': 'mediumThreeByTwo210', 'src': 'https://static01.nyt.com/images/2023/04/18/multimedia/somewhere1-vfzk/somewhere1-vfzk-mediumThreeByTwo440.jpg', 'height': 140, 'width': 210}"
The Pope's Exorcist,R,0,Elisabeth Vincentelli,‘The Pope’s Exorcist’ Review: A Head-Spinning Genre Mash-Up,The buddy-priest action-comedy-horror hybrid we didn’t know we wanted has finally landed.,2023-04-14,2023-04-14,2023-04-14 15:38:04,"{'type': 'article', 'url': 'https://www.nytimes.com/2023/04/14/movies/the-popes-exorcist-review.html', 'suggested_link_text': ""Read the New York Times Review of The Pope's Exorcist""}","{'type': 'mediumThreeByTwo210', 'src': 'https://static01.nyt.com/images/2023/04/15/multimedia/14popes-exorcist-review-ktfz/14popes-exorcist-review-ktfz-mediumThreeByTwo440.jpg', 'height': 140, 'width': 210}"
The Last Kingdom: Seven Kings Must Die,TV-MA,0,Robert Daniels,‘The Last Kingdom: Seven Kings Must Die’ Review: Flesh Wounds,Soldiers face off over the fate of England in this overbearingly glib costume drama.,2023-04-14,2023-04-14,2023-04-14 07:02:03,"{'type': 'article', 'url': 'https://www.nytimes.com/2023/04/14/movies/the-last-kingdom-seven-kings-must-die-review.html', 'suggested_link_text': 'Read the New York Times Review of The Last Kingdom: Seven Kings Must Die'}","{'type': 'mediumThreeByTwo210', 'src': 'https://static01.nyt.com/images/2023/04/13/multimedia/13last-kingdom-review-gpjf/13last-kingdom-review-gpjf-mediumThreeByTwo440.jpg', 'height': 140, 'width': 210}"
Renfield,R,1,Manohla Dargis,"‘Renfield’ Review: Dracula, Worst Boss Ever","Nicholas Hoult stars as the long-suffering servant to Nicolas Cage’s Count Dracula in this highly absurd, entertaining comedy.",2023-04-13,2023-04-14,2023-04-13 18:56:03,"{'type': 'article', 'url': 'https://www.nytimes.com/2023/04/13/movies/renfield-review-dracula-nicolas-cage.html', 'suggested_link_text': 'Read the New York Times Review of Renfield'}","{'type': 'mediumThreeByTwo210', 'src': 'https://static01.nyt.com/images/2023/04/13/multimedia/13renfield-review-bqhm/13renfield-review-bqhm-mediumThreeByTwo440.jpg', 'height': 140, 'width': 210}"
De humani corporis fabrica,,1,Nicolas Rapold,‘De Humani Corporis Fabrica’ Review: Showing What We’re Made Of,"This eye-opening film from Véréna Paravel and Lucien Castaing-Taylor immerses us in the landscapes and textures of the human body, as encountered in French hospitals.",2023-04-13,,2023-04-13 13:16:06,"{'type': 'article', 'url': 'https://www.nytimes.com/2023/04/13/movies/de-humani-corporis-fabrica-review.html', 'suggested_link_text': 'Read the New York Times Review of De humani corporis fabrica'}","{'type': 'mediumThreeByTwo210', 'src': 'https://static01.nyt.com/images/2023/04/14/multimedia/13de-humani1-gphm/13de-humani1-gphm-mediumThreeByTwo440.jpg', 'height': 140, 'width': 210}"
Personality Crisis: One Night Only,,0,Lisa Kennedy,‘Personality Crisis: One Night Only’ Review: New York Droll,"David Johansen, once the lead singer for the New York Dolls, proves a first-rate raconteur in this documentary co-directed by Martin Scorsese and David Tedeschi.",2023-04-13,,2023-04-13 19:34:03,"{'type': 'article', 'url': 'https://www.nytimes.com/2023/04/13/movies/personality-crisis-one-night-only-review.html', 'suggested_link_text': 'Read the New York Times Review of Personality Crisis: One Night Only'}","{'type': 'mediumThreeByTwo210', 'src': 'https://static01.nyt.com/images/2023/04/13/multimedia/13personality-crisis-review-lkwc/13personality-crisis-review-lkwc-mediumThreeByTwo440.jpg', 'height': 140, 'width': 210}"
Hilma,,0,Amy Nicholson,‘Hilma’ Review: An Artist With Spirit,"The film gets off to a rough start, but the director wins the audience back with his sincere connection to the artist Hilma af Klint.",2023-04-13,,2023-04-13 18:08:04,"{'type': 'article', 'url': 'https://www.nytimes.com/2023/04/13/movies/hilma-review.html', 'suggested_link_text': 'Read the New York Times Review of Hilma'}","{'type': 'mediumThreeByTwo210', 'src': 'https://static01.nyt.com/images/2023/04/14/multimedia/13hilma-review-pwzj/13hilma-review-pwzj-mediumThreeByTwo440.jpg', 'height': 140, 'width': 210}"
Suzume,PG,0,Maya Phillips,"‘Suzume’ Review: Gods, Spells and Instagram Posts","Makoto Shinkai’s latest animated film, about a girl who accidentally unleashes chaos over Japan, is at once mythical and thoroughly modern.",2023-04-13,2023-04-14,2023-04-13 17:07:02,"{'type': 'article', 'url': 'https://www.nytimes.com/2023/04/13/movies/suzume-review-makoto-shinkai.html', 'suggested_link_text': 'Read the New York Times Review of Suzume'}","{'type': 'mediumThreeByTwo210', 'src': 'https://static01.nyt.com/images/2023/04/13/multimedia/suzume-ktpm/suzume-ktpm-mediumThreeByTwo440.jpg', 'height': 140, 'width': 210}"
Passion,,0,Austin Considine,‘Passion’ Review: Friends Fall Apart,"Belatedly making its U.S. debut, a 2008 film from Ryusuke Hamaguchi (“Drive My Car”) offers new insights into his abiding themes and sensibilities.",2023-04-13,,2023-04-13 17:04:43,"{'type': 'article', 'url': 'https://www.nytimes.com/2023/04/13/movies/passion-review.html', 'suggested_link_text': 'Read the New York Times Review of Passion'}","{'type': 'mediumThreeByTwo210', 'src': 'https://static01.nyt.com/images/2023/04/13/multimedia/passion1-qmbz/passion1-qmbz-mediumThreeByTwo440.jpg', 'height': 140, 'width': 210}"
Wild Life,,0,Amy Nicholson,‘Wild Life’ Review: Their Land Is Our Land,This documentary looks at the efforts of Kristine McDivitt Tompkins and Douglas Tompkins to preserve stretches of land in Argentina and Chile.,2023-04-13,,2023-04-13 16:53:03,"{'type': 'article', 'url': 'https://www.nytimes.com/2023/04/13/movies/wild-life-review.html', 'suggested_link_text': 'Read the New York Times Review of Wild Life'}","{'type': 'mediumThreeByTwo210', 'src': 'https://static01.nyt.com/images/2023/04/14/multimedia/wild-life-1-lmbh/wild-life-1-lmbh-mediumThreeByTwo440.jpg', 'height': 140, 'width': 210}"
Honorable Men,,0,Ben Kenigsberg,‘Honorable Men’ Review: The Trials of a Prime Minister,"It would take an eight- or 10-hour mini-series to deal with all the issues this documentary raises about the legal travails of Ehud Olmert, the former prime minister of Israel.",2023-04-13,,2023-04-13 16:07:55,"{'type': 'article', 'url': 'https://www.nytimes.com/2023/04/13/movies/honorable-men-review.html', 'suggested_link_text': 'Read the New York Times Review of Honorable Men'}","{'type': 'mediumThreeByTwo210', 'src': 'https://static01.nyt.com/images/2023/04/13/multimedia/honorable1-plqg/honorable1-plqg-mediumThreeByTwo440.jpg', 'height': 140, 'width': 210}"
Human Flowers of Flesh,,0,Natalia Winkelman,‘Human Flowers of Flesh’ Review: The Life Aquatic,This contribution to slow cinema observes the quiet routines of a captain and her crew as they sail a small boat across the Mediterranean.,2023-04-13,,2023-04-13 14:26:03,"{'type': 'article', 'url': 'https://www.nytimes.com/2023/04/13/movies/human-flowers-of-flesh-review.html', 'suggested_link_text': 'Read the New York Times Review of Human Flowers of Flesh'}","{'type': 'mediumThreeByTwo210', 'src': 'https://static01.nyt.com/images/2023/04/13/multimedia/13human-flowers-of-flesh-review2-hcbv/13human-flowers-of-flesh-review2-hcbv-mediumThreeByTwo440.jpg', 'height': 140, 'width': 210}"
